Group,Peptide,Protein,SRM_CV,trans,amb
C,WYFDVTEGK,A4_HUMAN,4.678,0,0
C,LVFFAEDVGSNK,A4_HUMAN,4.421,1,0
C,EIGELYLPK,AACT_HUMAN,2.253,0,0
C,LALGDDSPALK,AATC_HUMAN,5.271,0,0
C,IVQFSPSGK,AMD_HUMAN,2.260,1,0
C,TGISPLALIK,APOB_HUMAN,17.394,1,1
C,AATVGSLAGQPLQER,APOE_HUMAN,2.804,0,0
C,ETPAATEAPSSTPK,BASP1_HUMAN,3.333,0,0
C,SHLIIAQVAK,BTD_HUMAN,2.983,0,0
C,GNPVPQQYLWEK,CADM3_HUMAN,1.807,0,1
C,VSTLPAITLK,CATD_HUMAN,3.415,1,0
C,VSEADSSNADWVTK,CFAB_HUMAN,2.512,0,0
C,IDSLLENDR,CLUS_HUMAN,3.083,0,0
C,IHGQNVPFDAVVVDK,CSTN1_HUMAN,4.910,0,0
C,ESLLLDTTSLQQR,CSTN3_HUMAN,5.031,1,0
C,ALDFAVGEYNK,CYTC_HUMAN,1.234,0,0
C,GVHYISVSATR,DAG1_HUMAN,1.855,1,0
C,WWGGQPLWITATK,ENPP2_HUMAN,8.764,0,0
C,VIVVWNNIGEK,EXTL2_HUMAN,5.568,1,0
C,QQLQALSEPQPR,GOLM1_HUMAN,2.820,0,1
C,NTDQEYTAFR,GRIA4_HUMAN,6.309,1,1
C,VGAHAGEYGAEALER,HBA_HUMAN,2.643,0,0
C,FLASVSTVLTSK,HBA_HUMAN,7.426,0,0
C,EFTPPVQAAYQK,HBB_HUMAN,3.207,0,0
C,VVAGEVQVQR,IGSF8_HUMAN,1.556,0,0
C,WADLSGITK,KAIN_HUMAN,6.160,0,1
C,TVGSDTFYSFK,KNG1_HUMAN,0.710,0,0
C,LDIDSPPITAR,KPYM_HUMAN,1.582,0,0
C,AQLLVVGSPGPVPR,L1CAM_HUMAN,2.543,1,0
C,LVVSQLNPYTLR,LPHN1_HUMAN,6.268,0,1
C,ETVIIPNEK,MIME_HUMAN,0.888,1,0
C,LSSAIIAAPR,NCAN_HUMAN,1.189,0,0
C,VVVNFAPTIQEIK,NEGR1_HUMAN,2.381,0,0
C,DVVASLVSTR,NEO1_HUMAN,3.583,0,0
C,QEVPLATLEPLVK,NEUS_HUMAN,10.994,1,0
C,LVEAFGGATK,NPTXR_HUMAN,3.494,1,0
C,SLPSEASEQYLTK,NRCAM_HUMAN,3.615,0,0
C,SDLYIGGVAK,NRX1A_HUMAN,8.104,1,0
C,LSALTLSTVK,NRX2A_HUMAN,6.851,0,1
C,AIPVAQDLNAPSDWDSR,OSTP_HUMAN,6.919,0,0
C,ALAHLLEAER,PCSK1_HUMAN,2.136,0,0
C,WFSAGLASNSSWLR,PTGDS_HUMAN,10.577,0,0
C,ALEYIENLR,SCG2_HUMAN,2.078,0,0
C,LNVEDVDSTK,SCG3_HUMAN,2.322,0,0
C,ETGTPIWTSR,SE6L1_HUMAN,4.308,0,0
C,AGLAASLAGPHSIVGR,SODE_HUMAN,10.196,0,0
C,GFQALGDAADIR,TIMP1_HUMAN,3.578,0,0
C,NLHDLDVSDNQLER,VASN_HUMAN,1.868,1,0
C,SLTLGIEPVSPTSLR,VASN_HUMAN,1.812,1,0
C,AYQGVAAPFPK,VGF_HUMAN,22.970,1,1
C,SVLGQLGITK,A1AT_HUMAN,1.392,0,0
C,LSITGTYDLK,A1AT_HUMAN,10.344,0,0
C,SGLSTGWTQLSK,A1BG_HUMAN,2.428,0,0
C,NGVAQEPVHLDSPAIK,A1BG_HUMAN,7.382,0,1
C,ADLSGITGAR,AACT_HUMAN,0.214,0,0
C,NLDYVATSIHEAVTK,AATC_HUMAN,14.784,1,0
C,FVTVQTISGTGALR,AATM_HUMAN,1.951,1,1
C,DADPDTFFAK,AFAM_HUMAN,2.059,0,0
C,LPNNVLQEK,AFAM_HUMAN,8.221,1,0
C,QLLLTADDR,ALDOA_HUMAN,6.159,1,0
C,ETLLQDFR,AMBP_HUMAN,0.782,0,1
C,AFIQLWAFDAVK,AMBP_HUMAN,20.348,0,0
C,NGQWTLIGR,AMD_HUMAN,10.468,0,1
C,IAELSATAQEIIK,APOB_HUMAN,10.551,1,0
C,CLAVYQAGAR,ApoE2-specific,2.318,0,0
C,LGADMEDVR,ApoE4-specific,1.259,0,0
C,LSSGLVTAALYGR,BTD_HUMAN,2.252,0,0
C,LEQGENVFLQATDK,C1QB_HUMAN,4.853,0,0
C,TASGVNQLVDIYEK,CA2D1_HUMAN,5.268,0,0
C,IKPVFIEDANFGR,CA2D1_HUMAN,12.353,0,0
C,YEVSSPYFK,CAD13_HUMAN,3.305,0,0
C,INENTGSVSVTR,CAD13_HUMAN,2.142,0,1
C,SLVTVLGIPQKPIITGYK,CADM3_HUMAN,6.001,0,0
C,LVDQNIFSFYLSR,CATD_HUMAN,22.876,1,0
C,VFQEPLFYEAPR,CATL1_HUMAN,3.229,0,0
C,NNEGTYYSPNYNPQSR,CERU_HUMAN,2.114,0,0
C,YGLVTYATYPK,CFAB_HUMAN,3.300,0,1
C,VTIDSSYDIAK,CH3L1_HUMAN,3.772,0,0
C,ILGQQVPYATK,CH3L1_HUMAN,3.336,0,0
C,EDSLEAGLPLQVR,CMGA_HUMAN,5.219,0,1
C,SGELEQEEER,CMGA_HUMAN,1.925,0,0
C,ALEQDLPVNIK,CNDP1_HUMAN,1.614,0,0
C,WNYIEGTK,CNDP1_HUMAN,1.849,0,0
C,TTKPYPADIVVQFK,CNTN1_HUMAN,1.538,0,0
C,DGEYVVEVR,CNTN1_HUMAN,1.477,1,0
C,IIVQAQPEWLK,CNTN2_HUMAN,1.005,0,1
C,VIASNILGTGEPSGPSSK,CNTN2_HUMAN,4.852,0,0
C,YSSSDWVTQYR,CNTP2_HUMAN,9.877,1,0
C,DFHINLFR,CO2_HUMAN,9.535,0,0
C,HAIILLTDGK,CO2_HUMAN,2.893,0,0
C,IHWESASLLR,CO3_HUMAN,1.864,0,0
C,DINYVNPVIK,CO5_HUMAN,9.888,1,1
C,TLLPVSKPEIR,CO5_HUMAN,4.475,0,0
C,SEYGAALAWEK,CO6_HUMAN,16.386,0,0
C,IPGIFELGISSQSDR,CO8B_HUMAN,4.588,0,0
C,SDLEVAHYK,CO8B_HUMAN,0.615,0,1
C,IPDGVVSVSPK,CSTN1_HUMAN,0.304,0,0
C,VTIPTDLIASSGDIIK,DAG1_HUMAN,5.096,0,0
C,GNPTVEVDLYTAK,ENOG_HUMAN,5.763,0,1
C,SYPEILTLK,ENPP2_HUMAN,2.942,0,0
C,TGEVLDTK,FAM3C_HUMAN,5.313,0,0
C,TGYYFDGISR,FBLN1_HUMAN,3.217,0,0
C,IIEVEEEQEDPYLNDR,FBLN1_HUMAN,8.208,0,0
C,SGNENGEFYLR,FBLN3_HUMAN,0.516,0,0
C,HTLNQIDEVK,FETUA_HUMAN,1.014,0,0
C,EYPGSETPPK,GRIA4_HUMAN,5.375,1,0
C,VNVDEVGGEALGR,HBB_HUMAN,1.824,0,0
C,SGAQATWTELPWPHEK,HEMO_HUMAN,9.155,0,0
C,NFPSPVDAAFR,HEMO_HUMAN,1.754,0,0
C,DTQFSYAVFK,IGSF8_HUMAN,1.105,0,1
C,QYYEGSEIVVAGR,ITIH1_HUMAN,3.400,0,0
C,EVAFDLEIPK,ITIH1_HUMAN,4.894,0,0
C,FYYLIASETPGK,KAIN_HUMAN,6.302,0,1
C,LGFTDLFSK,KAIN_HUMAN,2.002,0,0
C,ESSQEQSSVVR,KLK6_HUMAN,1.309,0,0
C,LSELIQPLPLER,KLK6_HUMAN,1.105,0,0
C,QVVAGLNFR,KNG1_HUMAN,0.423,0,0
C,HLEILQLSK,LRC4B_HUMAN,6.950,1,0
C,LTTVPTQAFEYLSK,LRC4B_HUMAN,5.726,1,0
C,EQDAPVAGLQPVER,LTBP2_HUMAN,7.820,1,0
C,LEGNPIVLGK,MIME_HUMAN,0.863,0,0
C,EVTVPVFYPTEK,MUC18_HUMAN,2.255,0,0
C,GATLALTQVTPQDER,MUC18_HUMAN,2.033,0,0
C,GLGEISAASEFK,NCAM1_HUMAN,6.007,0,0
C,AGEQDATIHLK,NCAM1_HUMAN,3.240,0,0
C,IIELSQTTAK,NCAM2_HUMAN,3.947,1,1
C,ASGSPEPAISWFR,NCAM2_HUMAN,2.299,0,0
C,AFLFQDTPR,NELL2_HUMAN,2.389,0,0
C,ALGITEIFIK,NEUS_HUMAN,4.707,0,0
C,LENLEQYSR,NPTX1_HUMAN,0.100,0,0
C,TESTLNALLQR,NPTX2_HUMAN,1.054,0,1
C,ELDVLQGR,NPTXR_HUMAN,1.695,0,1
C,VFNTPEGVPSAPSSLK,NRCAM_HUMAN,2.572,0,0
C,DLFIDGQSK,NRX1A_HUMAN,14.175,1,0
C,AIVADPVTFK,NRX2A_HUMAN,3.041,1,0
C,GEAAGAVQELAR,PCSK1_HUMAN,1.102,0,0
C,TVQAVLTVPK,PEDF_HUMAN,1.902,0,0
C,DTDTGALLFIGK,PEDF_HUMAN,4.176,0,0
C,TFTLLDPK,PGRP2_HUMAN,2.855,0,0
C,LSSPAVITDK,PLMN_HUMAN,1.351,1,0
C,HSIFTPETNPR,PLMN_HUMAN,1.107,0,0
C,AQGFTEDTIVFLPQTDK,PTGDS_HUMAN,3.546,0,0
C,LAAVLAGYGVELR,PTPRN_HUMAN,11.250,0,1
C,HLEEPGETQNAFLNER,SCG1_HUMAN,7.384,0,0
C,SSQGGSLPSEEK,SCG1_HUMAN,2.101,0,0
C,VLEYLNQEK,SCG2_HUMAN,0.675,1,0
C,SPTNTISVYFR,SE6L1_HUMAN,1.265,0,0
C,ELSNTAAYQSVR,SIAE_HUMAN,5.392,1,0
C,SLPVDVFAGVSLSK,SLIK1_HUMAN,31.400,0,1
C,AVVVHAGEDDLGR,SODE_HUMAN,1.421,0,0
C,HIQETEWQSQEGK,SPRL1_HUMAN,4.877,0,0
C,VLTHSELAPLR,SPRL1_HUMAN,1.590,0,0
C,YGFYTHVFR,THRB_HUMAN,3.192,1,0
C,ETAASLLQAGYK,THRB_HUMAN,0.642,0,1
C,ASNLIGTYR,TNR21_HUMAN,2.588,0,1
C,YLQGSSVQLR,VASN_HUMAN,11.000,0,1
C,THLGEALAPLSK,VGF_HUMAN,3.132,0,0
C,HLSLLTTLSNR,VTDB_HUMAN,2.831,0,0
D,LSSWVLLMK,A1AT_HUMAN,3.605,0,0
D,QINDYVEK,A1AT_HUMAN,4.088,0,0
D,CEGPIPDVTFELLR,A1BG_HUMAN,15.187,0,0
D,CLAPLEGAR,A1BG_HUMAN,2.922,0,0
D,WYFDVTEGK,A4_HUMAN,4.678,0,0
D,LVFFAEDVGSNK,A4_HUMAN,4.421,1,0
D,EIGELYLPK,AACT_HUMAN,2.253,0,0
D,WEMPFDPQDTHQSR,AACT_HUMAN,4.091,0,0
D,LALGDDSPALK,AATC_HUMAN,5.271,0,0
D,VNLGVGAYR,AATC_HUMAN,1.049,1,1
D,ASAELALGENSEVLK,AATM_HUMAN,15.545,1,1
D,IAAAILNTPDLR,AATM_HUMAN,17.330,1,0
D,FTDSENVCQER,AFAM_HUMAN,1.954,0,0
D,ICAMEGLPQK,AFAM_HUMAN,1.963,0,0
D,LQSIGTENTEENR,ALDOA_HUMAN,6.576,0,0
D,GILAADESTGSIAK,ALDOA_HUMAN,4.148,0,0
D,TVAACNLPIVR,AMBP_HUMAN,2.107,0,0
D,WYNLAIGSTCPWLK,AMBP_HUMAN,6.735,0,0
D,IVQFSPSGK,AMD_HUMAN,2.260,1,0
D,GDHVWDGNSFDSK,AMD_HUMAN,8.206,1,0
D,LLDNWDSVTSTFSK,APOA1_HUMAN,5.899,0,0
D,QGLLPVLESFK,APOA1_HUMAN,3.124,0,0
D,ATFQTPDFIVPLTDLR,APOB_HUMAN,12.988,1,0
D,TGISPLALIK,APOB_HUMAN,17.394,1,1
D,AATVGSLAGQPLQER,APOE_HUMAN,2.804,0,0
D,VQAAVGTSAAPVPSDNH,APOE_HUMAN,0.762,0,0
D,ETPAATEAPSSTPK,BASP1_HUMAN,3.333,0,0
D,APEQEQAAPGPAAGGEAPK,BASP1_HUMAN,2.629,0,0
D,VDLITFDTPFAGR,BTD_HUMAN,3.517,0,0
D,SHLIIAQVAK,BTD_HUMAN,2.983,0,0
D,FDHVITNMNNNYEPR,C1QB_HUMAN,3.908,0,0
D,GNLCVNLMR,C1QB_HUMAN,0.941,0,1
D,IIMLFTDGGEER,CA2D1_HUMAN,5.718,0,0
D,FFGEIDPSLMR,CA2D1_HUMAN,6.031,0,0
D,TPHAEDMAELVIVGGK,CAD13_HUMAN,3.470,0,1
D,SIVVSPILIPENQR,CAD13_HUMAN,0.596,0,0
D,GNPVPQQYLWEK,CADM3_HUMAN,1.807,0,1
D,LLLHCEGR,CADM3_HUMAN,5.849,1,1
D,VSTLPAITLK,CATD_HUMAN,3.415,1,0
D,QPGITFIAAK,CATD_HUMAN,2.042,1,0
D,NSWGEEWGMGGYVK,CATL1_HUMAN,13.655,0,0
D,LYGMNEEGWR,CATL1_HUMAN,5.152,1,1
D,GAYPLSIEPIGVR,CERU_HUMAN,4.499,0,0
D,EVGPTNADPVCLAK,CERU_HUMAN,1.087,0,0
D,VSEADSSNADWVTK,CFAB_HUMAN,2.512,0,0
D,EAGIPEFYDYDVALIK,CFAB_HUMAN,18.054,0,0
D,TLLSVGGWNFGSQR,CH3L1_HUMAN,5.456,0,0
D,LVMGIPTFGR,CH3L1_HUMAN,2.086,0,0
D,IDSLLENDR,CLUS_HUMAN,3.083,0,0
D,EIQNAVNGVK,CLUS_HUMAN,1.456,0,0
D,VAHQLQALR,CMGA_HUMAN,4.179,0,1
D,GLSAEPGWQAK,CMGA_HUMAN,0.620,0,0
D,GNSYFMVEVK,CNDP1_HUMAN,3.047,0,0
D,EEILMHLWR,CNDP1_HUMAN,3.515,0,1
D,FIPLIPIPER,CNTN1_HUMAN,3.144,0,0
D,YSMVGGNLVINNPDK,CNTN1_HUMAN,1.429,0,0
D,FAQLNLAAEDTR,CNTN2_HUMAN,1.059,0,0
D,ETIGDLTILNAQLR,CNTN2_HUMAN,9.760,0,0
D,IVPLDWNGEGR,CNTP2_HUMAN,6.706,0,1
D,MNGVTLDLEER,CNTP2_HUMAN,5.301,0,0
D,LLGMETMAWQEIR,CO2_HUMAN,8.489,0,1
D,HAFILQDTK,CO2_HUMAN,2.288,1,0
D,SSLSVPYVIVPLK,CO3_HUMAN,1.459,0,0
D,FISLGEACK,CO3_HUMAN,2.810,0,0
D,TDAPDLPEENQAR,CO5_HUMAN,1.368,0,0
D,AFTECCVVASQLR,CO5_HUMAN,6.475,0,1
D,IGESIELTCPK,CO6_HUMAN,2.080,0,0
D,GEVLDNSFTGGICK,CO6_HUMAN,3.409,0,1
D,CEGFVCAQTGR,CO8B_HUMAN,4.712,0,0
D,QALEEFQK,CO8B_HUMAN,5.087,0,1
D,DYSFTIQAYDCGK,CSTN1_HUMAN,20.206,0,0
D,IHGQNVPFDAVVVDK,CSTN1_HUMAN,4.910,0,0
D,LSCSEMNGR,CSTN3_HUMAN,6.089,0,0
D,ESLLLDTTSLQQR,CSTN3_HUMAN,5.031,1,0
D,ALDFAVGEYNK,CYTC_HUMAN,1.234,0,0
D,LVGGPMDASVEEEGVR,CYTC_HUMAN,3.194,0,0
D,GVHYISVSATR,DAG1_HUMAN,1.855,1,0
D,VVENGALLSWK,DAG1_HUMAN,2.096,0,0
D,LDNLMLELDGTENK,ENOG_HUMAN,6.492,0,0
D,IEEELGDEAR,ENOG_HUMAN,4.644,0,1
D,VSPSFSQNCLAYK,ENPP2_HUMAN,4.873,0,0
D,WWGGQPLWITATK,ENPP2_HUMAN,8.764,0,0
D,LVNIYDSMPLR,EXTL2_HUMAN,6.010,0,0
D,VIVVWNNIGEK,EXTL2_HUMAN,5.568,1,0
D,AIQDGTIVLMGTYDDGATK,FAM3C_HUMAN,8.674,0,0
D,ICLEDNVLMSGVK,FAM3C_HUMAN,5.731,0,0
D,DCSLPYATESK,FBLN1_HUMAN,2.715,0,0
D,MCVDVNECQR,FBLN1_HUMAN,3.890,0,0
D,DIDECDIVPDACK,FBLN3_HUMAN,4.001,0,0
D,QTSPVSAMLVLVK,FBLN3_HUMAN,0.522,1,0
D,EHAVEGDCDFQLLK,FETUA_HUMAN,5.444,0,0
D,CDSSPDSAEDVR,FETUA_HUMAN,4.474,0,0
D,QQLQALSEPQPR,GOLM1_HUMAN,2.820,0,1
D,FSYDLSQCINQMK,GOLM1_HUMAN,16.086,0,1
D,FVIDCEIER,GRIA4_HUMAN,8.576,0,1
D,NTDQEYTAFR,GRIA4_HUMAN,6.309,1,1
D,VGAHAGEYGAEALER,HBA_HUMAN,2.643,0,0
D,FLASVSTVLTSK,HBA_HUMAN,7.426,0,0
D,GTFATLSELHCDK,HBB_HUMAN,3.437,0,0
D,EFTPPVQAAYQK,HBB_HUMAN,3.207,0,0
D,EWFWDLATGTMK,HEMO_HUMAN,24.478,0,0
D,GECQAEGVLFFQGDR,HEMO_HUMAN,2.429,0,0
D,VVAGEVQVQR,IGSF8_HUMAN,1.556,0,0
D,SDLAVEAGAPYAER,IGSF8_HUMAN,4.051,0,1
D,LDAQASFLPK,ITIH1_HUMAN,9.748,1,0
D,AAISGENAGLVR,ITIH1_HUMAN,2.501,1,0
D,WADLSGITK,KAIN_HUMAN,6.160,0,1
D,IAPANADFAFR,KAIN_HUMAN,3.473,0,0
D,GLVSWGNIPCGSK,KLK6_HUMAN,3.612,1,0
D,DSCQGDSGGPLVCGDHLR,KLK6_HUMAN,1.070,0,0
D,TWQDCEYK,KNG1_HUMAN,2.337,1,0
D,TVGSDTFYSFK,KNG1_HUMAN,0.710,0,0
D,ITLDNAYMEK,KPYM_HUMAN,2.462,1,0
D,LDIDSPPITAR,KPYM_HUMAN,1.582,0,0
D,AQLLVVGSPGPVPR,L1CAM_HUMAN,2.543,1,0
D,WMDWNAPQVQYR,L1CAM_HUMAN,4.224,0,1
D,IYVMPWIPYR,LPHN1_HUMAN,6.410,0,1
D,LVVSQLNPYTLR,LPHN1_HUMAN,6.268,0,1
D,YLNLGMCNLK,LRC4B_HUMAN,2.986,0,1
D,YLNLQENGIQVIR,LRC4B_HUMAN,4.228,1,0
D,VTNDVCSEPLR,LTBP2_HUMAN,3.697,0,0
D,SSEVYAQLCNVAR,LTBP2_HUMAN,11.968,0,1
D,DFADIPNLR,MIME_HUMAN,4.724,0,0
D,ETVIIPNEK,MIME_HUMAN,0.888,1,0
D,DAQFYCELNYR,MUC18_HUMAN,7.951,0,1
D,NGYPIPQVIWYK,MUC18_HUMAN,9.061,0,1
D,TQPVQGEPSAPK,NCAM1_HUMAN,1.391,1,0
D,FFLCQVAGDAK,NCAM1_HUMAN,1.878,0,0
D,AVDGFTFTEGDK,NCAM2_HUMAN,6.791,0,0
D,MILEIAPTSDNDFGR,NCAM2_HUMAN,6.228,0,0
D,YALTFAEAQEACR,NCAN_HUMAN,2.515,0,0
D,LSSAIIAAPR,NCAN_HUMAN,1.189,0,0
D,VVVNFAPTIQEIK,NEGR1_HUMAN,2.381,0,0
D,CEGAGVPPPAFEWYK,NEGR1_HUMAN,9.698,1,0
D,HNGQIWVLENDR,NELL2_HUMAN,1.361,0,0
D,EFESWIDGCK,NELL2_HUMAN,3.015,0,0
D,DVVASLVSTR,NEO1_HUMAN,3.583,0,0
D,QPLLLDDR,NEO1_HUMAN,13.533,1,0
D,EFSNMVTAK,NEUS_HUMAN,10.702,0,1
D,QEVPLATLEPLVK,NEUS_HUMAN,10.994,1,0
D,LTPGEVYNLATCSTK,NPTX1_HUMAN,2.221,0,0
D,IETALTSLHQR,NPTX1_HUMAN,2.974,0,0
D,VAQLPLFVSDGK,NPTX2_HUMAN,8.964,0,1
D,DPGHVVEQLSR,NPTX2_HUMAN,11.538,1,0
D,VAQLPLSLK,NPTXR_HUMAN,2.797,0,0
D,LVEAFGGATK,NPTXR_HUMAN,3.494,1,0
D,LSPYVNYSFR,NRCAM_HUMAN,3.137,0,0
D,SLPSEASEQYLTK,NRCAM_HUMAN,3.615,0,0
D,EATVLSYDGSMFMK,NRX1A_HUMAN,3.639,0,1
D,SDLYIGGVAK,NRX1A_HUMAN,8.104,1,0
D,LSALTLSTVK,NRX2A_HUMAN,6.851,0,1
D,TTEPNGLLLFSQGR,NRX2A_HUMAN,3.318,0,1
D,GDSVVYGLR,OSTP_HUMAN,2.802,0,0
D,AIPVAQDLNAPSDWDSR,OSTP_HUMAN,6.919,0,0
D,GLSAASPPLAETGAPR,PCSK1_HUMAN,1.253,1,0
D,ALAHLLEAER,PCSK1_HUMAN,2.136,0,0
D,TSLEDFYLDEER,PEDF_HUMAN,8.134,0,0
D,LAAAVSNFGYDLYR,PEDF_HUMAN,3.065,0,0
D,GCPDVQASLPDAK,PGRP2_HUMAN,3.441,0,0
D,DTLPSCAVR,PGRP2_HUMAN,3.101,0,0
D,FVTWIEGVMR,PLMN_HUMAN,5.474,1,1
D,VIPACLPSPNYVVADR,PLMN_HUMAN,2.236,0,0
D,WFSAGLASNSSWLR,PTGDS_HUMAN,10.577,0,0
D,SVVAPATDGGLNLTSTFLR,PTGDS_HUMAN,4.978,0,0
D,VSEGSPGMVSVGPLPK,PTPRN_HUMAN,8.681,1,1
D,GEKPASPAVQPDAALQR,PTPRN_HUMAN,5.336,0,0
D,ADQTVLTEDEK,SCG1_HUMAN,0.361,0,0
D,GYPGVQAPEDLEWER,SCG1_HUMAN,4.406,0,0
D,ALEYIENLR,SCG2_HUMAN,2.078,0,0
D,SGQLGIQEEDLR,SCG2_HUMAN,2.734,0,0
D,LNVEDVDSTK,SCG3_HUMAN,2.322,0,0
D,VTPMAAIQDGLAK,SCG3_HUMAN,1.322,0,0
D,ETGTPIWTSR,SE6L1_HUMAN,4.308,0,0
D,GQGFIMNYIEVSR,SE6L1_HUMAN,10.462,1,0
D,YAWTTWPCEYK,SIAE_HUMAN,8.151,0,0
D,QGSIPYDSVTGPSK,SIAE_HUMAN,2.428,0,1
D,DIDPGAFQDLNK,SLIK1_HUMAN,7.400,0,1
D,ILILNNNLLR,SLIK1_HUMAN,7.650,0,1
D,AGLAASLAGPHSIVGR,SODE_HUMAN,10.196,0,0
D,VTEIWQEVMQR,SODE_HUMAN,0.644,0,0
D,SIPTCTDFEVIQFPLR,SPRL1_HUMAN,12.931,0,0
D,EDMSEPQEK,SPRL1_HUMAN,3.375,0,0
D,GDACEGDSGGPFVMK,THRB_HUMAN,4.090,1,0
D,WYQMGIVSWGEGCDR,THRB_HUMAN,26.544,1,0
D,EPGLCTWQSLR,TIMP1_HUMAN,1.185,0,0
D,GFQALGDAADIR,TIMP1_HUMAN,3.578,0,0
D,GTFSDVPSSVMK,TNR21_HUMAN,7.370,0,1
D,ATGQVLTCDK,TNR21_HUMAN,1.500,0,0
D,NLHDLDVSDNQLER,VASN_HUMAN,1.868,1,0
D,SLTLGIEPVSPTSLR,VASN_HUMAN,1.812,1,0
D,EPVAGDAVPGPK,VGF_HUMAN,0.847,0,0
D,AYQGVAAPFPK,VGF_HUMAN,22.970,1,1
D,FPSGTFEQVSQLVK,VTDB_HUMAN,6.785,0,0
D,VCSQYAAYGEK,VTDB_HUMAN,13.856,1,0
